fb_date,fb_total_steps,fb_total_distance_km,fb_calories
4/12/2016,13162,8.5,1985
4/13/2016,10735,6.96999979019165,1797
4/14/2016,10460,6.73999977111816,1776
4/15/2016,9762,6.28000020980835,1745
4/16/2016,12669,8.15999984741211,1863
4/17/2016,9705,6.48000001907349,1728
4/18/2016,13019,8.59000015258789,1921
4/19/2016,15506,9.88000011444092,2035
4/20/2016,10544,6.67999982833862,1786
4/21/2016,9819,6.34000015258789,1775
4/22/2016,12764,8.13000011444092,1827
4/23/2016,14371,9.03999996185303,1949
4/24/2016,10039,6.40999984741211,1788
4/25/2016,15355,9.80000019073486,2013
4/26/2016,13755,8.78999996185303,1970
4/27/2016,18134,12.210000038147,2159
4/28/2016,13154,8.52999973297119,1898
4/29/2016,11181,7.15000009536743,1837
4/30/2016,14673,9.25,1947
5/1/2016,10602,6.80999994277954,1820
5/2/2016,14727,9.71000003814697,2004
5/3/2016,15103,9.65999984741211,1990
5/4/2016,11100,7.15000009536743,1819
5/5/2016,14070,8.89999961853027,1959
5/6/2016,12159,8.02999973297119,1896
5/7/2016,11992,7.71000003814697,1821
5/8/2016,10060,6.57999992370605,1740
5/9/2016,12022,7.71999979019165,1819
5/10/2016,12207,7.76999998092651,1859
5/11/2016,12770,8.13000011444092,1783
5/12/2016,0,0.0,0
4/12/2016,8163,5.30999994277954,1432
4/13/2016,7007,4.55000019073486,1411
4/14/2016,9107,5.92000007629395,1572
4/15/2016,1510,0.980000019073486,1344
4/16/2016,5370,3.49000000953674,1463
4/17/2016,6175,4.05999994277954,1554
4/18/2016,10536,7.40999984741211,1604
4/19/2016,2916,1.89999997615814,1435
4/20/2016,4974,3.23000001907349,1446
4/21/2016,6349,4.13000011444092,1467
4/22/2016,4026,2.61999988555908,1470
4/23/2016,8538,5.55000019073486,1562
4/24/2016,6076,3.95000004768372,1617
4/25/2016,6497,4.21999979019165,1492
4/26/2016,2826,1.8400000333786,1402
4/27/2016,8367,5.44000005722046,1670
4/28/2016,2759,1.78999996185303,1401
4/29/2016,2390,1.54999995231628,1404
4/30/2016,6474,4.30000019073486,1655
5/1/2016,36019,28.0300006866455,2690
5/2/2016,7155,4.92999982833862,1497
5/3/2016,2100,1.37000000476837,1334
5/4/2016,2193,1.42999994754791,1368
5/5/2016,2470,1.61000001430511,1370
5/6/2016,1727,1.12000000476837,1341
5/7/2016,2104,1.37000000476837,1474
5/8/2016,3427,2.23000001907349,1427
5/9/2016,1732,1.12999999523163,1328
5/10/2016,2969,1.92999994754791,1393
5/11/2016,3134,2.03999996185303,1359
5/12/2016,2971,1.92999994754791,1002
4/12/2016,10694,7.76999998092651,3199
4/13/2016,8001,5.82000017166138,2902
4/14/2016,11037,8.02000045776367,3226
4/15/2016,5263,3.82999992370605,2750
4/16/2016,15300,11.1199998855591,3493
4/17/2016,8757,6.36999988555908,3011
4/18/2016,7132,5.19000005722046,2806
4/19/2016,11256,8.18000030517578,3300
4/20/2016,2436,1.76999998092651,2430
4/21/2016,1223,0.889999985694885,2140
4/22/2016,3673,2.67000007629395,2344
4/23/2016,6637,4.82999992370605,2677
4/24/2016,3321,2.41000008583069,2413
4/25/2016,3580,2.59999990463257,2497
4/26/2016,9919,7.21000003814697,3123
4/27/2016,3032,2.20000004768372,2489
4/28/2016,9405,6.84000015258789,3108
4/29/2016,3176,2.30999994277954,2498
4/30/2016,18213,13.2399997711182,3846
5/1/2016,6132,4.46000003814697,2696
5/2/2016,3758,2.73000001907349,2580
5/3/2016,12850,9.34000015258789,3324
5/4/2016,2309,1.67999994754791,2222
5/5/2016,4363,3.19000005722046,2463
5/6/2016,9787,7.11999988555908,3328
5/7/2016,13372,9.72000026702881,3404
5/8/2016,6724,4.8899998664856,2987
5/9/2016,6643,4.82999992370605,3008
5/10/2016,9167,6.65999984741211,2799
5/11/2016,1329,0.970000028610229,1276
4/12/2016,6697,4.42999982833862,2030
4/13/2016,4929,3.25999999046326,1860
4/14/2016,7937,5.25,2130
4/15/2016,3844,2.53999996185303,1725
4/16/2016,3414,2.25999999046326,1657
4/17/2016,4525,2.99000000953674,1793
4/18/2016,4597,3.03999996185303,1814
4/19/2016,197,0.129999995231628,1366
4/20/2016,8,0.0099999997764825,1349
4/21/2016,8054,5.32000017166138,2062
4/22/2016,5372,3.54999995231628,1827
4/23/2016,3570,2.35999989509583,1645
4/24/2016,0,0.0,1347
4/25/2016,0,0.0,1347
4/26/2016,0,0.0,1347
4/27/2016,4,0.0,1348
4/28/2016,6907,4.57000017166138,1992
4/29/2016,4920,3.25,1856
4/30/2016,4014,2.67000007629395,1763
5/1/2016,2573,1.70000004768372,1541
5/2/2016,0,0.0,1348
5/3/2016,4059,2.6800000667572,1742
5/4/2016,2080,1.37000000476837,1549
5/5/2016,2237,1.48000001907349,1589
5/6/2016,44,0.0299999993294477,1351
5/7/2016,0,0.0,1347
5/8/2016,0,0.0,1347
5/9/2016,0,0.0,1347
5/10/2016,0,0.0,1347
5/11/2016,0,0.0,1347
5/12/2016,0,0.0,665
4/12/2016,678,0.469999998807907,2220
4/13/2016,356,0.25,2151
4/14/2016,2163,1.5,2383
4/15/2016,980,0.680000007152557,2221
4/16/2016,0,0.0,2064
4/17/2016,0,0.0,2063
4/18/2016,244,0.170000001788139,2111
4/19/2016,0,0.0,2063
4/20/2016,0,0.0,2063
4/21/2016,0,0.0,2064
4/22/2016,149,0.100000001490116,2093
4/23/2016,2945,2.03999996185303,2499
4/24/2016,2090,1.45000004768372,2324
4/25/2016,152,0.109999999403954,2100
4/26/2016,3761,2.59999990463257,2638
4/27/2016,0,0.0,2063
4/28/2016,1675,1.1599999666214,2351
4/29/2016,0,0.0,2063
4/30/2016,0,0.0,2064
5/1/2016,2704,1.87000000476837,2411
5/2/2016,3790,2.61999988555908,2505
5/3/2016,1326,0.920000016689301,2195
5/4/2016,1786,1.24000000953674,2338
5/5/2016,0,0.0,2063
5/6/2016,2091,1.45000004768372,2383
5/7/2016,1510,1.03999996185303,2229
5/8/2016,0,0.0,2063
5/9/2016,0,0.0,2063
5/10/2016,0,0.0,2063
5/11/2016,0,0.0,2063
5/12/2016,0,0.0,1383
4/12/2016,11875,8.34000015258789,2390
4/13/2016,12024,8.5,2601
4/14/2016,10690,7.5,2312
4/15/2016,11034,8.02999973297119,2525
4/16/2016,10100,7.09000015258789,2177
4/17/2016,15112,11.3999996185303,2782
4/18/2016,14131,10.0699996948242,2770
4/19/2016,11548,8.52999973297119,2489
4/20/2016,15112,10.6700000762939,2897
4/21/2016,12453,8.73999977111816,3158
4/22/2016,12954,9.32999992370605,2638
4/23/2016,6001,4.21000003814697,2069
4/24/2016,13481,10.2799997329712,2529
4/25/2016,11369,8.01000022888184,2470
4/26/2016,10119,7.19000005722046,2793
4/27/2016,10159,7.13000011444092,2463
4/28/2016,10140,7.11999988555908,2296
4/29/2016,10245,7.19000005722046,2611
4/30/2016,18387,12.9099998474121,2732
5/1/2016,10538,7.40000009536743,2380
5/2/2016,10379,7.28999996185303,2473
5/3/2016,12183,8.73999977111816,2752
5/4/2016,11768,8.28999996185303,2649
5/5/2016,11895,8.35000038146973,2609
5/6/2016,10227,7.17999982833862,2498
5/7/2016,6708,4.71000003814697,1995
5/8/2016,3292,2.30999994277954,1848
5/9/2016,13379,9.39000034332275,2709
5/10/2016,12798,8.97999954223633,2797
5/11/2016,13272,9.31999969482422,2544
5/12/2016,9117,6.40999984741211,1853
4/12/2016,4414,2.74000000953674,1459
4/13/2016,4993,3.09999990463257,1521
4/14/2016,3335,2.0699999332428,1431
4/15/2016,3821,2.36999988555908,1444
4/16/2016,2547,1.58000004291534,1373
4/17/2016,838,0.519999980926514,1214
4/18/2016,3325,2.05999994277954,1419
4/19/2016,2424,1.5,1356
4/20/2016,7222,4.48000001907349,1667
4/21/2016,2467,1.52999997138977,1370
4/22/2016,2915,1.80999994277954,1399
4/23/2016,12357,7.71000003814697,1916
4/24/2016,3490,2.16000008583069,1401
4/25/2016,6017,3.73000001907349,1576
4/26/2016,5933,3.6800000667572,1595
4/27/2016,6088,3.76999998092651,1593
4/28/2016,6375,3.95000004768372,1649
4/29/2016,7604,4.71000003814697,1692
4/30/2016,4729,2.9300000667572,1506
5/1/2016,3609,2.27999997138977,1447
5/2/2016,7018,4.34999990463257,1690
5/3/2016,5992,3.72000002861023,1604
5/4/2016,6564,4.07000017166138,1658
5/5/2016,12167,7.53999996185303,1926
5/6/2016,8198,5.07999992370605,1736
5/7/2016,4193,2.59999990463257,1491
5/8/2016,5528,3.45000004768372,1555
5/9/2016,10685,6.61999988555908,1869
5/10/2016,254,0.159999996423721,1141
5/11/2016,8580,5.32000017166138,1698
5/12/2016,8891,5.51000022888184,1364
4/12/2016,10725,7.48999977111816,2124
4/13/2016,7275,4.90000009536743,2003
4/14/2016,3973,2.6800000667572,1696
4/15/2016,5205,3.50999999046326,1801
4/16/2016,5057,3.41000008583069,1724
4/17/2016,6198,4.17999982833862,1852
4/18/2016,6559,4.42000007629395,1905
4/19/2016,5997,4.03999996185303,1811
4/20/2016,7192,4.84999990463257,1922
4/21/2016,3404,2.28999996185303,1610
4/22/2016,5583,3.75999999046326,1851
4/23/2016,5079,3.42000007629395,1804
4/24/2016,4165,2.80999994277954,1725
4/25/2016,3588,2.42000007629395,1654
4/26/2016,3409,2.29999995231628,1632
4/27/2016,1715,1.1599999666214,1481
4/28/2016,1532,1.02999997138977,1473
4/29/2016,924,0.620000004768372,1410
4/30/2016,4571,3.07999992370605,1779
5/1/2016,772,0.519999980926514,1403
5/2/2016,3634,2.45000004768372,1613
5/3/2016,7443,5.01999998092651,1878
5/4/2016,1201,0.810000002384186,1426
5/5/2016,5202,3.50999999046326,1780
5/6/2016,4878,3.28999996185303,1742
5/7/2016,7379,4.96999979019165,1972
5/8/2016,5161,3.48000001907349,1821
5/9/2016,3090,2.07999992370605,1630
5/10/2016,6227,4.19999980926514,1899
5/11/2016,6424,4.32999992370605,1903
5/12/2016,2661,1.78999996185303,1125
4/12/2016,10113,6.82999992370605,2344
4/13/2016,10352,7.01000022888184,2038
4/14/2016,10129,6.69999980926514,2010
4/15/2016,10465,6.92000007629395,2133
4/16/2016,22244,15.0799999237061,2670
4/17/2016,5472,3.61999988555908,1882
4/18/2016,8247,5.44999980926514,1944
4/19/2016,6711,4.44000005722046,2346
4/20/2016,10999,7.26999998092651,2198
4/21/2016,10080,6.75,2048
4/22/2016,7804,5.15999984741211,1946
4/23/2016,16901,11.3699998855591,2629
4/24/2016,9471,6.26000022888184,2187
4/25/2016,9482,6.38000011444092,2095
4/26/2016,5980,3.95000004768372,1861
4/27/2016,11423,7.57999992370605,2194
4/28/2016,5439,3.59999990463257,1854
4/29/2016,42,0.0299999993294477,403
4/12/2016,8796,5.90999984741211,1982
4/13/2016,7618,5.11999988555908,2004
4/14/2016,7910,5.32000017166138,1893
4/15/2016,8482,5.69999980926514,2063
4/16/2016,9685,6.65000009536743,2148
4/17/2016,2524,1.70000004768372,1529
4/18/2016,7762,5.23999977111816,1890
4/19/2016,7948,5.36999988555908,1956
4/20/2016,9202,6.30000019073486,2094
4/21/2016,8859,5.98000001907349,1970
4/22/2016,7286,4.90000009536743,2241
4/23/2016,9317,6.34999990463257,2021
4/24/2016,6873,4.67999982833862,1898
4/25/2016,7373,4.94999980926514,1907
4/26/2016,8242,5.53999996185303,1882
4/27/2016,3516,2.35999989509583,1966
4/28/2016,7913,5.40999984741211,1835
4/29/2016,7365,4.94999980926514,1780
4/30/2016,8452,5.67999982833862,1830
5/1/2016,7399,4.96999979019165,1739
5/2/2016,7525,5.05999994277954,1878
5/3/2016,7412,4.98000001907349,1906
5/4/2016,8278,5.55999994277954,2015
5/5/2016,8314,5.6100001335144,1971
5/6/2016,7063,4.75,1910
5/7/2016,4940,3.38000011444092,1897
5/8/2016,8168,5.53999996185303,2096
5/9/2016,7726,5.19000005722046,1906
5/10/2016,8275,5.55999994277954,1962
5/11/2016,6440,4.32999992370605,1826
5/12/2016,7566,5.1100001335144,1431
4/12/2016,4747,3.24000000953674,1788
4/13/2016,9715,6.63000011444092,2093
4/14/2016,8844,6.03000020980835,2065
4/15/2016,7451,5.07999992370605,1908
4/16/2016,6905,4.73000001907349,1908
4/17/2016,8199,5.88000011444092,1964
4/18/2016,6798,4.6399998664856,2014
4/19/2016,7711,5.26000022888184,1985
4/20/2016,4880,3.32999992370605,1867
4/21/2016,8857,6.07000017166138,2124
4/22/2016,3843,2.61999988555908,1669
4/23/2016,7396,5.07000017166138,1995
4/24/2016,6731,4.59000015258789,1921
4/25/2016,5995,4.09000015258789,2010
4/26/2016,8283,5.78999996185303,2057
4/27/2016,7904,5.42000007629395,2095
4/28/2016,5512,3.75999999046326,1972
4/29/2016,9135,6.23000001907349,2044
4/30/2016,5250,3.57999992370605,1946
5/1/2016,3077,2.09999990463257,1237
4/12/2016,8856,5.98000001907349,1450
4/13/2016,10035,6.71000003814697,1495
4/14/2016,7641,5.1100001335144,1433
4/15/2016,9010,6.05999994277954,1468
4/16/2016,13459,9.0,1625
4/17/2016,10415,6.96999979019165,1529
4/18/2016,11663,7.80000019073486,1584
4/19/2016,12414,8.77999973297119,1638
4/20/2016,11658,7.82999992370605,1554
4/21/2016,6093,4.07999992370605,1397
4/22/2016,8911,5.96000003814697,1481
4/23/2016,12058,8.06999969482422,1638
4/24/2016,14112,10.0,1655
4/25/2016,11177,8.47999954223633,1570
4/26/2016,11388,7.61999988555908,1551
4/27/2016,7193,5.03999996185303,1377
4/28/2016,7114,4.88000011444092,1407
4/29/2016,10645,7.75,1545
4/30/2016,13238,9.19999980926514,1650
5/1/2016,10414,7.07000017166138,1501
5/2/2016,16520,11.0500001907349,1760
5/3/2016,14335,9.59000015258789,1710
5/4/2016,13559,9.4399995803833,1628
5/5/2016,12312,8.57999992370605,1618
5/6/2016,11677,8.27999973297119,1590
5/7/2016,11550,7.73000001907349,1574
5/8/2016,13585,9.09000015258789,1633
5/9/2016,14687,10.0799999237061,1667
5/10/2016,13072,8.77999973297119,1630
5/11/2016,746,0.5,52
4/12/2016,8539,6.11999988555908,3654
4/13/2016,0,0.0,1981
4/14/2016,108,0.0799999982118607,2011
4/15/2016,1882,1.35000002384186,2951
4/16/2016,1982,1.41999995708466,3051
4/17/2016,16,0.0099999997764825,1990
4/18/2016,62,0.0399999991059303,1995
4/19/2016,0,0.0,1980
4/20/2016,0,0.0,1980
4/21/2016,0,0.0,1980
4/22/2016,0,0.0,1980
4/23/2016,0,0.0,1980
4/24/2016,0,0.0,1980
4/25/2016,0,0.0,1980
4/26/2016,0,0.0,1980
4/27/2016,0,0.0,1980
4/28/2016,0,0.0,1980
4/29/2016,0,0.0,1980
4/30/2016,0,0.0,1980
5/1/2016,0,0.0,1980
5/2/2016,475,0.340000003576279,2207
5/3/2016,4496,3.22000002861023,2828
5/4/2016,10252,7.34999990463257,3879
5/5/2016,11728,8.43000030517578,3429
5/6/2016,4369,3.13000011444092,2704
5/7/2016,6132,4.40000009536743,2975
5/8/2016,5862,4.19999980926514,3089
5/9/2016,4556,3.26999998092651,2785
5/10/2016,5546,3.98000001907349,2926
5/11/2016,3689,2.65000009536743,2645
5/12/2016,590,0.419999986886978,1120
4/12/2016,5394,4.03000020980835,2286
4/13/2016,5974,4.46999979019165,2306
4/14/2016,0,0.0,1776
4/15/2016,3984,2.95000004768372,1527
4/12/2016,7753,5.19999980926514,2115
4/13/2016,8204,5.5,2135
4/14/2016,10210,6.88000011444092,2302
4/15/2016,5664,3.79999995231628,1985
4/16/2016,4744,3.1800000667572,1884
4/17/2016,29,0.0199999995529652,1464
4/18/2016,2276,1.54999995231628,1632
4/19/2016,8925,5.98999977111816,2200
4/20/2016,8954,6.01000022888184,2220
4/21/2016,3702,2.48000001907349,1792
4/22/2016,4500,3.01999998092651,1886
4/23/2016,4935,3.30999994277954,1945
4/24/2016,4081,2.74000000953674,1880
4/25/2016,9259,6.21000003814697,2314
4/26/2016,9899,6.6399998664856,2236
4/27/2016,10780,7.23000001907349,2324
4/28/2016,10817,7.28000020980835,2367
4/29/2016,7990,5.3600001335144,2175
4/30/2016,8221,5.51999998092651,2092
5/1/2016,1251,0.839999973773956,1593
5/2/2016,9261,6.23999977111816,2270
5/3/2016,9648,6.46999979019165,2235
5/4/2016,10429,7.01999998092651,2282
5/5/2016,13658,9.48999977111816,2530
5/6/2016,9524,6.42000007629395,2266
5/7/2016,7937,5.32999992370605,2158
5/8/2016,3672,2.46000003814697,1792
5/9/2016,10378,6.96000003814697,2345
5/10/2016,9487,6.36999988555908,2260
5/11/2016,9129,6.13000011444092,2232
5/12/2016,17,0.0099999997764825,257
4/12/2016,10122,7.78000020980835,2955
4/13/2016,10993,8.44999980926514,3092
4/14/2016,8863,6.82000017166138,2998
4/15/2016,8758,6.73000001907349,3066
4/16/2016,6580,5.05999994277954,3073
4/17/2016,4660,3.57999992370605,2572
4/18/2016,11009,9.10000038146973,3274
4/19/2016,10181,7.82999992370605,3015
4/20/2016,10553,8.11999988555908,3083
4/21/2016,10055,7.73000001907349,3069
4/22/2016,12139,9.34000015258789,3544
4/23/2016,13236,10.1800003051758,3306
4/24/2016,10243,7.88000011444092,2885
4/25/2016,12961,9.97000026702881,3288
4/26/2016,9461,7.28000020980835,2929
4/27/2016,11193,8.60999965667725,3074
4/28/2016,10074,7.75,2969
4/29/2016,9232,7.09999990463257,2979
4/30/2016,12533,9.64000034332275,3283
5/1/2016,10255,7.8899998664856,2926
5/2/2016,10096,8.39999961853027,3147
5/3/2016,12727,9.78999996185303,3290
5/4/2016,12375,9.52000045776367,3162
5/5/2016,9603,7.38000011444092,2899
5/6/2016,13175,10.1300001144409,3425
5/7/2016,22770,17.5400009155273,4022
5/8/2016,17298,14.3800001144409,3934
5/9/2016,10218,7.8600001335144,3013
5/10/2016,10299,7.92000007629395,3061
5/11/2016,10201,7.84000015258789,2954
5/12/2016,3369,2.58999991416931,1623
4/12/2016,3276,2.20000004768372,2113
4/13/2016,2961,1.99000000953674,2095
4/14/2016,3974,2.67000007629395,2194
4/15/2016,7198,4.82999992370605,2496
4/16/2016,3945,2.65000009536743,2180
4/17/2016,2268,1.51999998092651,1933
4/18/2016,6155,4.23999977111816,2248
4/19/2016,2064,1.38999998569489,1954
4/20/2016,2072,1.38999998569489,1974
4/21/2016,3809,2.55999994277954,2150
4/22/2016,6831,4.57999992370605,2432
4/23/2016,4363,2.9300000667572,2149
4/24/2016,5002,3.35999989509583,2247
4/25/2016,3385,2.26999998092651,2070
4/26/2016,6326,4.40999984741211,2291
4/27/2016,7243,5.03000020980835,2361
4/28/2016,4493,3.00999999046326,2203
4/29/2016,4676,3.14000010490417,2196
4/30/2016,6222,4.17999982833862,2363
5/1/2016,5232,3.50999999046326,2246
5/2/2016,6910,4.75,2336
5/3/2016,7502,5.17999982833862,2421
5/4/2016,2923,1.96000003814697,2070
5/5/2016,3800,2.54999995231628,2120
5/6/2016,4514,3.02999997138977,2211
5/7/2016,5183,3.58999991416931,2123
5/8/2016,7303,4.90000009536743,2423
5/9/2016,5275,3.53999996185303,2281
5/10/2016,3915,2.63000011444092,2181
5/11/2016,9105,6.1100001335144,2499
5/12/2016,768,0.519999980926514,1212
4/12/2016,5135,3.39000010490417,1909
4/13/2016,4978,3.28999996185303,1722
4/14/2016,6799,4.48999977111816,1922
4/15/2016,7795,5.15000009536743,2121
4/16/2016,7289,4.82000017166138,1997
4/17/2016,9634,6.40000009536743,2117
4/18/2016,8940,5.90999984741211,2116
4/19/2016,5401,3.5699999332428,1876
4/20/2016,4803,3.17000007629395,1788
4/21/2016,13743,9.07999992370605,2486
4/22/2016,9601,6.34999990463257,2094
4/23/2016,6890,4.55000019073486,2085
4/24/2016,8563,5.65999984741211,2173
4/25/2016,8095,5.34999990463257,2225
4/26/2016,9148,6.05000019073486,2223
4/27/2016,9557,6.32000017166138,2098
4/28/2016,9451,6.25,2185
4/29/2016,7833,5.17999982833862,1918
4/30/2016,10319,6.82000017166138,2105
5/1/2016,3428,2.26999998092651,1692
5/2/2016,7891,5.21999979019165,2066
5/3/2016,5267,3.48000001907349,1953
5/4/2016,5232,3.46000003814697,1842
5/5/2016,10611,7.01000022888184,2262
5/6/2016,3755,2.48000001907349,1722
5/7/2016,8237,5.44000005722046,1973
5/8/2016,6543,4.32999992370605,2666
5/9/2016,11451,7.57000017166138,2223
5/10/2016,6435,4.25,1889
5/11/2016,9108,6.01999998092651,2131
5/12/2016,6307,4.17000007629395,1452
4/12/2016,7213,5.88000011444092,2947
4/13/2016,6877,5.57999992370605,2898
4/14/2016,7860,6.36999988555908,2984
4/15/2016,6506,5.28000020980835,2896
4/16/2016,11140,9.02999973297119,3328
4/17/2016,12692,10.289999961853,3394
4/18/2016,9105,7.38000011444092,3013
4/19/2016,6708,5.44000005722046,2812
4/20/2016,8793,7.13000011444092,3061
4/21/2016,6530,5.30000019073486,2729
4/22/2016,1664,1.35000002384186,2241
4/23/2016,15126,12.2700004577637,3691
4/24/2016,15050,12.2200002670288,3538
4/25/2016,9167,7.42999982833862,3064
4/26/2016,6108,4.94999980926514,2784
4/27/2016,7047,5.71999979019165,2908
4/28/2016,9023,7.32000017166138,3033
4/29/2016,9930,8.05000019073486,3165
4/30/2016,10144,8.22999954223633,3115
5/1/2016,0,0.0,2017
5/2/2016,7245,5.92000007629395,2859
5/3/2016,9454,7.67000007629395,3145
5/4/2016,8161,6.61999988555908,3004
5/5/2016,8614,6.98999977111816,3006
5/6/2016,6943,5.63000011444092,2859
5/7/2016,14370,11.6499996185303,3683
5/8/2016,12857,10.4300003051758,3287
5/9/2016,8232,6.67999982833862,2990
5/10/2016,10613,8.60999965667725,3172
5/11/2016,9810,7.96000003814697,3069
5/12/2016,2752,2.23000001907349,1240
4/12/2016,11596,7.57000017166138,2026
4/13/2016,4832,3.16000008583069,1718
4/14/2016,17022,11.1199998855591,2324
4/15/2016,16556,10.8599996566772,2254
4/16/2016,5771,3.76999998092651,1831
4/17/2016,655,0.430000007152557,1397
4/18/2016,3727,2.4300000667572,1683
4/19/2016,15482,10.1099996566772,2284
4/20/2016,2713,1.76999998092651,1570
4/21/2016,12346,8.0600004196167,2066
4/22/2016,11682,7.63000011444092,2105
4/23/2016,4112,2.69000005722046,1776
4/24/2016,1807,1.17999994754791,1507
4/25/2016,10946,7.19000005722046,2033
4/26/2016,11886,7.76000022888184,2093
4/27/2016,10538,6.88000011444092,1922
4/28/2016,11393,7.63000011444092,1999
4/29/2016,12764,8.32999992370605,2169
4/30/2016,1202,0.779999971389771,1463
5/1/2016,5164,3.36999988555908,1747
5/2/2016,9769,6.38000011444092,1996
5/3/2016,12848,8.39000034332275,2116
5/4/2016,4249,2.76999998092651,1698
5/5/2016,14331,9.51000022888184,2156
5/6/2016,9632,6.28999996185303,1916
5/7/2016,1868,1.22000002861023,1494
5/8/2016,6083,4.0,1762
5/9/2016,11611,7.57999992370605,2272
5/10/2016,16358,10.710000038147,2335
5/11/2016,4926,3.22000002861023,1693
5/12/2016,3121,2.03999996185303,741
4/12/2016,8135,6.07999992370605,3405
4/13/2016,5077,3.78999996185303,2551
4/14/2016,8596,6.42000007629395,4022
4/15/2016,12087,9.07999992370605,4005
4/16/2016,14269,10.6599998474121,4274
4/17/2016,12231,9.14000034332275,4552
4/18/2016,9893,7.3899998664856,3625
4/19/2016,12574,9.42000007629395,3501
4/20/2016,8330,6.21999979019165,3192
4/21/2016,10830,8.09000015258789,4018
4/22/2016,9172,6.84999990463257,3329
4/23/2016,7638,5.71000003814697,3152
4/24/2016,15764,11.7799997329712,4392
4/25/2016,6393,4.78000020980835,3374
4/26/2016,5325,3.98000001907349,3088
4/27/2016,6805,5.1399998664856,3294
4/28/2016,9841,7.42999982833862,3580
4/29/2016,7924,5.92000007629395,3544
4/30/2016,12363,9.23999977111816,4501
5/1/2016,13368,9.98999977111816,4546
5/2/2016,7439,5.55999994277954,3014
5/3/2016,11045,8.25,3795
5/4/2016,5206,3.89000010490417,2755
5/5/2016,7550,5.6399998664856,3004
5/6/2016,4950,3.70000004768372,2643
5/7/2016,0,0.0,1819
5/8/2016,0,0.0,1819
5/9/2016,3421,2.55999994277954,2489
5/10/2016,8869,6.65000009536743,3841
5/11/2016,4038,3.03999996185303,1665
4/12/2016,0,0.0,1496
4/13/2016,0,0.0,1496
4/14/2016,0,0.0,1496
4/15/2016,14019,10.5900001525879,2865
4/16/2016,14450,10.9099998474121,2828
4/17/2016,7150,5.40000009536743,2225
4/18/2016,5153,3.91000008583069,2018
4/19/2016,11135,8.40999984741211,2606
4/20/2016,10449,8.02000045776367,2536
4/21/2016,19542,15.0100002288818,4900
4/22/2016,8206,6.19999980926514,2409
4/23/2016,11495,8.68000030517578,2651
4/24/2016,7623,5.76000022888184,2305
4/25/2016,0,0.0,1497
4/26/2016,9543,7.21000003814697,2450
4/27/2016,9411,7.1100001335144,2576
4/28/2016,3403,2.59999990463257,1879
4/29/2016,9592,7.23999977111816,2560
4/30/2016,6987,5.28000020980835,2275
5/1/2016,8915,6.73000001907349,2361
5/2/2016,4933,3.73000001907349,2044
5/3/2016,0,0.0,1496
5/4/2016,2997,2.25999999046326,1902
5/5/2016,9799,7.40000009536743,2636
5/6/2016,3365,2.6800000667572,1838
5/7/2016,7336,5.53999996185303,2469
5/8/2016,7328,5.53000020980835,2250
5/9/2016,4477,3.38000011444092,1248
4/12/2016,4562,3.45000004768372,2560
4/13/2016,7142,5.40000009536743,2905
4/14/2016,7671,5.80000019073486,2952
4/15/2016,9501,7.17999982833862,2896
4/16/2016,8301,6.28000020980835,2783
4/17/2016,7851,5.94000005722046,3171
4/18/2016,6885,5.21000003814697,2766
4/19/2016,7142,5.40000009536743,2839
4/20/2016,6361,4.80999994277954,2701
4/21/2016,0,0.0,2060
4/22/2016,6238,4.71999979019165,2796
4/23/2016,0,0.0,2664
4/24/2016,5896,4.46000003814697,2703
4/25/2016,7802,5.90000009536743,2771
4/26/2016,0,0.0,2060
4/27/2016,5565,4.21000003814697,2743
4/28/2016,5731,4.32999992370605,2687
4/29/2016,0,0.0,2060
4/30/2016,6744,5.09999990463257,2843
5/1/2016,9837,7.44000005722046,3327
5/2/2016,6781,5.13000011444092,2725
5/3/2016,6047,4.57000017166138,2671
5/4/2016,5832,4.40999984741211,2718
5/5/2016,6339,4.78999996185303,2682
5/6/2016,6116,4.61999988555908,2806
5/7/2016,5510,4.17000007629395,2613
5/8/2016,7706,5.82999992370605,2712
5/9/2016,6277,4.75,2175
5/10/2016,0,0.0,0
4/12/2016,0,0.0,1841
4/13/2016,4053,2.91000008583069,2400
4/14/2016,5162,3.70000004768372,2507
4/15/2016,1282,0.920000016689301,2127
4/16/2016,4732,3.39000010490417,2225
4/17/2016,2497,1.78999996185303,2067
4/18/2016,8294,5.94999980926514,2798
4/19/2016,0,0.0,1841
4/20/2016,10771,7.71999979019165,3727
4/21/2016,0,0.0,1841
4/22/2016,637,0.46000000834465,1922
4/23/2016,0,0.0,1841
4/24/2016,2153,1.53999996185303,2053
4/25/2016,6474,4.6399998664856,2484
4/26/2016,7091,5.26999998092651,2584
4/27/2016,0,0.0,1841
4/28/2016,703,0.5,1993
4/29/2016,0,0.0,1841
4/30/2016,2503,1.78999996185303,2280
5/1/2016,2487,1.77999997138977,2319
5/2/2016,0,0.0,1841
5/3/2016,9,0.0099999997764825,1843
5/4/2016,0,0.0,1841
5/5/2016,0,0.0,1841
5/6/2016,4697,3.36999988555908,2496
5/7/2016,1967,1.4099999666214,1032
4/12/2016,10199,6.73999977111816,1994
4/13/2016,5652,3.74000000953674,1718
4/14/2016,1551,1.02999997138977,1466
4/15/2016,5563,3.6800000667572,1756
4/16/2016,13217,8.73999977111816,2173
4/17/2016,10145,6.71000003814697,2027
4/18/2016,11404,7.53999996185303,2039
4/19/2016,10742,7.09999990463257,2046
4/20/2016,13928,9.55000019073486,2174
4/21/2016,11835,9.71000003814697,2179
4/22/2016,10725,7.09000015258789,2086
4/23/2016,20031,13.2399997711182,2571
4/24/2016,5029,3.3199999332428,1705
4/25/2016,13239,9.27000045776367,2194
4/26/2016,10433,6.90000009536743,2012
4/27/2016,10320,6.82000017166138,2034
4/28/2016,12627,8.35000038146973,2182
4/29/2016,10762,7.1100001335144,2254
4/30/2016,10081,6.65999984741211,2002
5/1/2016,5454,3.60999989509583,1740
5/2/2016,12912,8.53999996185303,2162
5/3/2016,12109,8.11999988555908,2072
5/4/2016,10147,6.71000003814697,2086
5/5/2016,10524,6.96000003814697,2066
5/6/2016,5908,3.91000008583069,1850
5/7/2016,6815,4.5,1947
5/8/2016,4188,2.76999998092651,1659
5/9/2016,12342,8.72000026702881,2105
5/10/2016,15448,10.210000038147,2361
5/11/2016,6722,4.44000005722046,1855
5/12/2016,3587,2.36999988555908,928
4/12/2016,14172,10.289999961853,2937
4/13/2016,12862,9.64999961853027,2742
4/14/2016,11179,8.23999977111816,2668
4/15/2016,5273,3.52999997138977,2098
4/16/2016,4631,3.09999990463257,2076
4/17/2016,8059,5.3899998664856,2383
4/18/2016,14816,10.9799995422363,2832
4/19/2016,14194,10.4799995422363,2812
4/20/2016,15566,11.3100004196167,3096
4/21/2016,13744,9.1899995803833,2763
4/22/2016,15299,10.2399997711182,2889
4/23/2016,8093,5.40999984741211,2284
4/24/2016,11085,7.42000007629395,2667
4/25/2016,18229,13.3400001525879,3055
4/26/2016,15090,10.1000003814697,2939
4/27/2016,13541,10.2200002670288,2830
4/28/2016,15128,10.1199998855591,2836
4/29/2016,20067,14.3000001907349,3180
4/30/2016,3761,2.51999998092651,2051
5/1/2016,5600,3.75,2225
5/2/2016,13041,9.18000030517578,2642
5/3/2016,14510,10.8699998855591,2976
5/4/2016,0,0.0,1557
5/5/2016,15010,11.1000003814697,2933
5/6/2016,11459,7.67000007629395,2553
5/7/2016,0,0.0,120
4/12/2016,11317,8.40999984741211,2772
4/13/2016,5813,3.61999988555908,2516
4/14/2016,9123,6.11999988555908,2734
4/15/2016,8585,5.67000007629395,2395
4/16/2016,31,0.0099999997764825,1635
4/17/2016,0,0.0,1629
4/18/2016,9827,6.71000003814697,2743
4/19/2016,10688,7.28999996185303,2944
4/20/2016,14365,10.6400003433228,2997
4/21/2016,9469,6.17999982833862,2463
4/22/2016,9753,6.53000020980835,2846
4/23/2016,2817,1.80999994277954,1965
4/24/2016,3520,2.16000008583069,2049
4/25/2016,10091,6.82000017166138,2752
4/26/2016,10387,7.07000017166138,2781
4/27/2016,11107,8.34000015258789,2693
4/28/2016,11584,7.80000019073486,2862
4/29/2016,7881,4.94999980926514,2616
4/30/2016,14560,9.40999984741211,2995
5/1/2016,12390,8.06999969482422,2730
5/2/2016,10052,6.80999994277954,2754
5/3/2016,10288,6.76000022888184,2754
5/4/2016,10988,8.3100004196167,2655
5/5/2016,8564,5.59999990463257,2386
5/6/2016,12461,8.38000011444092,2924
5/7/2016,12827,8.47999954223633,2739
5/8/2016,10677,7.09999990463257,2534
5/9/2016,13566,9.10999965667725,2960
5/10/2016,14433,10.789999961853,2800
5/11/2016,9572,6.51999998092651,2735
5/12/2016,3789,2.55999994277954,1199
4/12/2016,18060,14.1199998855591,3186
4/13/2016,16433,13.3500003814697,3140
4/14/2016,20159,15.9700002670288,3411
4/15/2016,20669,16.2399997711182,3410
4/16/2016,14549,11.1099996566772,2867
4/17/2016,18827,13.6899995803833,3213
4/18/2016,17076,12.6599998474121,3133
4/19/2016,15929,12.4799995422363,3114
4/20/2016,15108,12.1899995803833,3043
4/21/2016,16057,12.5100002288818,3103
4/22/2016,10520,8.28999996185303,2655
4/23/2016,22359,17.1900005340576,3554
4/24/2016,22988,17.9500007629395,3577
4/25/2016,20500,15.6899995803833,3403
4/26/2016,12685,9.61999988555908,2846
4/27/2016,12422,9.81999969482422,2852
4/28/2016,15447,12.3999996185303,3062
4/29/2016,12315,9.64999961853027,2794
4/30/2016,7135,5.59000015258789,2408
5/1/2016,1170,0.850000023841858,1886
5/2/2016,1969,1.42999994754791,1988
5/3/2016,15484,11.8999996185303,3023
5/4/2016,14581,11.1499996185303,2918
5/5/2016,14990,11.5100002288818,2950
5/6/2016,13953,11.0,2859
5/7/2016,19769,15.6700000762939,3331
5/8/2016,22026,17.6499996185303,3589
5/9/2016,12465,9.38000011444092,2765
5/10/2016,14810,11.3599996566772,2926
5/11/2016,12209,9.39999961853027,2809
5/12/2016,4998,3.91000008583069,1505
4/12/2016,9033,7.15999984741211,2044
4/13/2016,8053,6.09999990463257,1935
4/14/2016,5234,3.46000003814697,1705
4/15/2016,2672,1.76999998092651,1632
4/16/2016,9256,6.1399998664856,1880
4/17/2016,10204,7.90999984741211,2112
4/18/2016,5151,3.48000001907349,1829
4/19/2016,4212,2.77999997138977,1763
4/20/2016,6466,4.26999998092651,1931
4/21/2016,11268,8.5600004196167,2218
4/22/2016,2824,1.87000000476837,1651
4/23/2016,9282,6.26000022888184,2132
4/24/2016,8905,7.13000011444092,1976
4/25/2016,6829,4.51000022888184,1909
4/26/2016,4562,3.03999996185303,1813
4/27/2016,10232,8.18000030517578,2008
4/28/2016,2718,1.79999995231628,1580
4/29/2016,6260,4.26000022888184,1854
4/30/2016,0,0.0,0
4/12/2016,7626,6.05000019073486,3635
4/13/2016,12386,9.81999969482422,4079
4/14/2016,13318,10.5600004196167,4163
4/15/2016,14461,11.4700002670288,3666
4/16/2016,11207,8.89000034332275,3363
4/17/2016,2132,1.69000005722046,2572
4/18/2016,13630,10.8100004196167,4157
4/19/2016,13070,10.3599996566772,4092
4/20/2016,9388,7.44000005722046,3787
4/21/2016,15148,12.0100002288818,4236
4/22/2016,12200,9.67000007629395,4044
4/23/2016,5709,4.53000020980835,2908
4/24/2016,3703,2.94000005722046,2741
4/25/2016,12405,9.84000015258789,4005
4/26/2016,16208,12.8500003814697,3763
4/27/2016,7359,5.84000015258789,3061
4/28/2016,5417,4.30000019073486,2884
4/29/2016,6175,4.90000009536743,2982
4/30/2016,2946,2.33999991416931,2660
5/1/2016,11419,9.0600004196167,3369
5/2/2016,6064,4.80999994277954,3491
5/3/2016,8712,6.90999984741211,3784
5/4/2016,7875,6.23999977111816,3110
5/5/2016,8567,6.78999996185303,3783
5/6/2016,7045,5.59000015258789,3644
5/7/2016,4468,3.53999996185303,2799
5/8/2016,2943,2.32999992370605,2685
5/9/2016,8382,6.65000009536743,3721
5/10/2016,6582,5.21999979019165,3586
5/11/2016,9143,7.25,3788
5/12/2016,4561,3.61999988555908,1976
4/12/2016,5014,3.91000008583069,2650
4/13/2016,5571,4.34999990463257,2654
4/14/2016,3135,2.45000004768372,2443
4/15/2016,3430,2.6800000667572,2505
4/16/2016,5319,4.15000009536743,2693
4/17/2016,3008,2.34999990463257,2439
4/18/2016,3864,3.00999999046326,2536
4/19/2016,5697,4.44000005722046,2668
4/20/2016,5273,4.1100001335144,2647
4/21/2016,8538,6.65999984741211,2883
4/22/2016,8687,6.78000020980835,2944
4/23/2016,9423,7.34999990463257,3012
4/24/2016,8286,6.46000003814697,2889
4/25/2016,4503,3.50999999046326,2547
4/26/2016,10499,8.1899995803833,3093
4/27/2016,12474,9.72999954223633,3142
4/28/2016,6174,4.82000017166138,2757
4/29/2016,15168,11.8299999237061,3513
4/30/2016,10085,7.86999988555908,3164
5/1/2016,4512,3.51999998092651,2596
5/2/2016,8469,6.6100001335144,2894
5/3/2016,12015,9.36999988555908,3212
5/4/2016,3588,2.79999995231628,2516
5/5/2016,12427,9.6899995803833,3266
5/6/2016,5843,4.55999994277954,2683
5/7/2016,6117,4.76999998092651,2810
5/8/2016,9217,7.19000005722046,2940
5/9/2016,9877,7.69999980926514,2947
5/10/2016,8240,6.42999982833862,2846
5/11/2016,8701,6.78999996185303,2804
5/12/2016,0,0.0,0
4/12/2016,2564,1.63999998569489,2044
4/13/2016,1320,0.839999973773956,1934
4/14/2016,1219,0.779999971389771,1963
4/15/2016,2483,1.5900000333786,2009
4/16/2016,244,0.159999996423721,1721
4/17/2016,0,0.0,1688
4/18/2016,0,0.0,1688
4/19/2016,0,0.0,1688
4/20/2016,3147,2.00999999046326,2188
4/21/2016,144,0.0900000035762787,1720
4/22/2016,4068,2.59999990463257,2419
4/23/2016,5245,3.35999989509583,2748
4/24/2016,400,0.259999990463257,1799
4/25/2016,0,0.0,1688
4/26/2016,1321,0.850000023841858,1928
4/27/2016,1758,1.12999999523163,2067
4/28/2016,6157,3.94000005722046,2780
4/29/2016,8360,5.34999990463257,3101
4/30/2016,7174,4.59000015258789,2896
5/1/2016,1619,1.03999996185303,1962
5/2/2016,1831,1.16999995708466,2015
5/3/2016,2421,1.54999995231628,2297
5/4/2016,2283,1.46000003814697,2067
5/5/2016,0,0.0,1688
5/6/2016,0,0.0,1688
5/7/2016,0,0.0,1688
5/8/2016,0,0.0,1688
5/9/2016,0,0.0,1688
5/10/2016,0,0.0,57
4/12/2016,23186,20.3999996185303,3921
4/13/2016,15337,9.57999992370605,3566
4/14/2016,21129,18.9799995422363,3793
4/15/2016,13422,7.17000007629395,3934
4/16/2016,29326,25.2900009155273,4547
4/17/2016,15118,8.86999988555908,3545
4/18/2016,11423,8.67000007629395,2761
4/19/2016,18785,17.3999996185303,3676
4/20/2016,19948,18.1100006103516,3679
4/21/2016,19377,17.6200008392334,3659
4/22/2016,18258,16.3099994659424,3427
4/23/2016,11200,7.42999982833862,3891
4/24/2016,16674,15.7399997711182,3455
4/25/2016,12986,8.73999977111816,3802
4/26/2016,11101,8.43000030517578,2860
4/27/2016,23629,20.6499996185303,3808
4/28/2016,14890,11.3000001907349,3060
4/29/2016,9733,7.3899998664856,2698
4/30/2016,27745,26.7199993133545,4398
5/1/2016,10930,8.31999969482422,2786
5/2/2016,4790,3.64000010490417,2189
5/3/2016,10818,8.21000003814697,2817
5/4/2016,18193,16.2999992370605,3477
5/5/2016,14055,10.6700000762939,3052
5/6/2016,21727,19.3400001525879,4015
5/7/2016,12332,8.13000011444092,4142
5/8/2016,10686,8.10999965667725,2847
5/9/2016,20226,18.25,3710
5/10/2016,10733,8.14999961853027,2832
5/11/2016,21420,19.5599994659424,3832
5/12/2016,8064,6.11999988555908,1849
